pr_id,our_mode,luca_mode,bleu,sbert_cosine
1,Baseline,O,0.0018035527144320308,0.18960560858249664
1,Baseline,D,0.004537546289532631,0.06807651370763779
1,Baseline,IO,0.004149862586461239,0.24822357296943665
1,Baseline,ID,0.003934367714415106,0.12352142482995987
1,KG,O,0.0037241392956831915,0.6359339356422424
1,KG,D,0.005743294200009702,0.6733337640762329
1,KG,IO,0.013747319556174288,0.7972663640975952
1,KG,ID,0.00405803279232025,0.7249311208724976
1,Hybrid,O,0.004146027819383898,0.6068201065063477
1,Hybrid,D,0.008693225545751405,0.668428897857666
1,Hybrid,IO,0.0061572892698130285,0.7394083738327026
1,Hybrid,ID,0.004272748006573732,0.6930608749389648
2,Baseline,O,8.727569320062058e-05,0.2702037990093231
2,Baseline,D,0.001920415087356619,0.3714595437049866
2,Baseline,IO,0.0017797085461263094,0.302001416683197
2,Baseline,ID,0.0017235314107649652,0.30395081639289856
2,KG,O,0.003195315538309894,0.26929473876953125
2,KG,D,0.01013926437049429,0.5832839608192444
2,KG,IO,0.012188722963455691,0.47365787625312805
2,KG,ID,0.027716743612666177,0.5448506474494934
2,RAG,O,0.0001322401403141368,0.34822288155555725
2,RAG,D,0.0012388391203646562,0.288475900888443
2,RAG,IO,0.0019031873504154503,0.21091800928115845
2,RAG,ID,0.002257061791341851,0.2560541331768036
2,Hybrid,O,0.0025469095018322775,0.17756173014640808
2,Hybrid,D,0.00886150263406213,0.5040802359580994
2,Hybrid,IO,0.02264938646749105,0.37984269857406616
2,Hybrid,ID,0.02331493190769143,0.46140047907829285
3,Baseline,O,0.0008756834920731736,-0.008737816475331783
3,Baseline,D,0.0022705506935586706,0.10771109908819199
3,Baseline,IO,0.002936717331174889,0.0750492513179779
3,Baseline,ID,0.004949182988940936,0.07955571264028549
3,KG,O,0.0027774567149327503,0.28886687755584717
3,KG,D,0.005289557486255333,0.05663667246699333
3,KG,IO,0.011416607208284253,0.21652697026729584
3,KG,ID,0.016471705075255864,0.4410707354545593
3,RAG,O,0.0022989856876362343,0.1822625696659088
3,RAG,D,0.0036547856043988754,0.13606952130794525
3,RAG,IO,0.009880019213205025,0.16262590885162354
3,RAG,ID,0.012998459976818364,0.2585916221141815
3,Hybrid,O,0.0062765955163703825,0.39674654603004456
3,Hybrid,D,0.004737440881207813,0.13364672660827637
3,Hybrid,IO,0.012012099226053601,0.2599872350692749
3,Hybrid,ID,0.013364474601600505,0.49159783124923706
5,Baseline,O,0.0032821109830405907,0.19504906237125397
5,Baseline,D,0.0024648316008670213,0.11506428569555283
5,Baseline,IO,0.003901230853782077,0.03995571658015251
5,Baseline,ID,0.004070679423485098,0.012201976962387562
5,KG,O,0.00578821528344941,0.483399897813797
5,KG,D,0.0017400917661510632,0.3713141977787018
5,KG,IO,0.005167566029993071,0.386844664812088
5,KG,ID,0.004938453035039775,0.43514543771743774
5,RAG,O,0.004521779461395471,0.28423234820365906
5,RAG,D,0.004269832661324933,0.2024775743484497
5,RAG,IO,0.005009542667057954,0.16375887393951416
5,RAG,ID,0.005480618022855806,0.23299401998519897
5,Hybrid,O,0.005964248755317413,0.5129525661468506
5,Hybrid,D,0.001427186696436676,0.401424378156662
5,Hybrid,IO,0.004891595765409623,0.3907652795314789
5,Hybrid,ID,0.005686315126887902,0.41668784618377686
6,Baseline,O,0.001660023329572615,0.18904808163642883
6,Baseline,D,0.001544825776723122,0.1418730914592743
6,Baseline,IO,0.0018576145954641457,0.2522948682308197
6,Baseline,ID,0.004299493730486005,0.2620804011821747
6,KG,O,0.0015971218630842676,0.45317503809928894
6,KG,D,0.0014056456967897946,0.5955119729042053
6,KG,IO,0.03379818503543954,0.7689330577850342
6,KG,ID,0.04255451928697903,0.7319151163101196
6,RAG,O,0.0013412007780641447,0.2658538520336151
6,RAG,D,0.0010190922127968184,0.19540180265903473
6,RAG,IO,0.004481360788678156,0.28116342425346375
6,RAG,ID,0.004818989545265351,0.2754070460796356
6,Hybrid,O,0.01327101785165841,0.4612683355808258
6,Hybrid,D,0.0021543368510653785,0.5792838335037231
6,Hybrid,IO,0.03128282570248456,0.8052617907524109
6,Hybrid,ID,0.03468613648184397,0.7634467482566833
